url,label,type,domain,path,is_https,url_length,has_suspicious_keywords
"http://fake-bank.com/verify",1,malicious,fake-bank.com,/verify,False,28,True
"http://scam-lottery.com",1,malicious,scam-lottery.com,,False,22,True
"http://fake-visa.com/verify",1,malicious,fake-visa.com,/verify,False,28,True
"http://phishing-site.com",1,malicious,phishing-site.com,,False,24,True
"http://fake-paypal.com/restore",1,malicious,fake-paypal.com,/restore,False,32,True
"http://scam-bank.com/update",1,malicious,scam-bank.com,/update,False,28,True
"http://fake-shipping.com/pay",1,malicious,fake-shipping.com,/pay,False,30,True
"http://fake-irs.com/refund",1,malicious,fake-irs.com,/refund,False,26,True
"http://fake-netflix.com/renew",1,malicious,fake-netflix.com,/renew,False,30,True
"http://fake-amazon.com/verify",1,malicious,fake-amazon.com,/verify,False,30,True
"http://scam-telecom.com/pay",1,malicious,scam-telecom.com,/pay,False,28,True
"http://fake-loan.com/claim",1,malicious,fake-loan.com,/claim,False,26,True
"http://phishing-email.com/verify",1,malicious,phishing-email.com,/verify,False,32,True
"http://fake-prize.com/claim",1,malicious,fake-prize.com,/claim,False,28,True
"http://scam-insurance.com/claim",1,malicious,scam-insurance.com,/claim,False,32,True
"http://fake-ssa.com/restore",1,malicious,fake-ssa.com,/restore,False,26,True
"http://fake-crypto.com/secure",1,malicious,fake-crypto.com,/secure,False,28,True
"http://scam-debt.com/pay",1,malicious,scam-debt.com,/pay,False,24,True
"http://fake-google.com/secure",1,malicious,fake-google.com,/secure,False,28,True
"http://fake-medicare.com/update",1,malicious,fake-medicare.com,/update,False,30,True
"https://www.google.com",0,legitimate,www.google.com,,True,22,False
"https://www.github.com",0,legitimate,www.github.com,,True,21,False
"https://www.stackoverflow.com",0,legitimate,www.stackoverflow.com,,True,28,False
"https://www.wikipedia.org",0,legitimate,www.wikipedia.org,,True,25,False
"https://www.reddit.com",0,legitimate,www.reddit.com,,True,21,False
"https://www.youtube.com",0,legitimate,www.youtube.com,,True,23,False
"https://www.amazon.com",0,legitimate,www.amazon.com,,True,23,False
"https://www.netflix.com",0,legitimate,www.netflix.com,,True,23,False
"https://www.spotify.com",0,legitimate,www.spotify.com,,True,23,False
"https://www.dropbox.com",0,legitimate,www.dropbox.com,,True,24,False
"https://www.slack.com",0,legitimate,www.slack.com,,True,20,False
"https://www.trello.com",0,legitimate,www.trello.com,,True,22,False
"https://www.notion.so",0,legitimate,www.notion.so,,True,20,False
"https://www.figma.com",0,legitimate,www.figma.com,,True,21,False
"https://www.canva.com",0,legitimate,www.canva.com,,True,21,False
"https://www.medium.com",0,legitimate,www.medium.com,,True,21,False
"https://www.dev.to",0,legitimate,www.dev.to,,True,18,False
"https://www.codepen.io",0,legitimate,www.codepen.io,,True,22,False
"https://www.jsfiddle.net",0,legitimate,www.jsfiddle.net,,True,24,False
"https://www.repl.it",0,legitimate,www.repl.it,,True,19,False
